method,d_um,sigma_rand_um
screen,9.865824944744606,0.2562675888322022
camera,9.917909197520522,0.10730077255170278
slit,10.826771653543307,0.045111548556430445
