{
  "screen": {
    "slope_m": 0.05583482944344703,
    "slope_sigma": 0.0014548468918184568,
    "theta_rad": 0.05577691551583995,
    "theta_sigma": 0.0014503254613240887,
    "d_um": 9.865824944744606,
    "d_sigma_um": 0.2562675888322022,
    "r2": 0.9979673538455189
  },
  "camera": {
    "s_um_per_px": 0.7283464566929134,
    "s_sigma_um_per_px": 0.0014337528675057352,
    "d_um": 9.917909197520522,
    "d_sigma_um": 0.10730077255170278
  },
  "slit": {
    "d_um": 10.826771653543307,
    "d_sigma_um": 0.045111548556430445,
    "w_true_in": 0.13099662162162162,
    "delta_w_in": 0.010996621621621627,
    "delta_center_mm": 0.13965709459459466
  },
  "abbe": {
    "NA": 0.08466666666666667,
    "dx_min_um": 3.96259842519685
  }
}